{"cameraMode":{"drawMode":0,"name":"Shaded","section":"Shading Mode"},"sceneLighting":false,"audioPlay":false,"sceneViewState":{"showFog":true,"showMaterialUpdate":false,"showSkybox":false,"showFlares":true,"showImageEffects":true,"showParticleSystems":true},"in2DMode":false,"pivot":{"x":0.0398256778717041,"y":0.9268091917037964,"z":-0.047635287046432498},"rotation":{"x":-0.02396100014448166,"y":-0.3417515754699707,"z":-0.008716503158211708,"w":0.9394458532333374},"size":1.2527074813842774,"orthographic":false}